,id,demand,origin,destination
0,k_0,1,v_20,v_8
1,k_1,1,v_16,v_8
2,k_2,1,v_8,v_1
3,k_3,1,v_1,v_12
4,k_4,1,v_9,v_20
5,k_5,1,v_5,v_2
6,k_6,1,v_15,v_10
7,k_7,1,v_8,v_10
8,k_8,1,v_8,v_12
9,k_9,1,v_20,v_19
10,k_10,1,v_16,v_19
11,k_11,1,v_15,v_2
12,k_12,1,v_9,v_20
13,k_13,1,v_5,v_2
14,k_14,1,v_13,v_20
15,k_15,1,v_15,v_12
16,k_16,1,v_5,v_10
17,k_17,1,v_7,v_6
18,k_18,1,v_16,v_8
19,k_19,1,v_5,v_10
20,k_20,1,v_2,v_11
21,k_21,1,v_1,v_11
22,k_22,1,v_3,v_16
23,k_23,1,v_3,v_16
24,k_24,1,v_3,v_7
25,k_25,1,v_20,v_6
26,k_26,1,v_14,v_19
27,k_27,1,v_16,v_12
28,k_28,1,v_9,v_12
29,k_29,1,v_16,v_12
30,k_30,1,v_15,v_10
31,k_31,1,v_5,v_8
32,k_32,1,v_2,v_10
33,k_33,1,v_20,v_7
34,k_34,1,v_13,v_11
35,k_35,1,v_5,v_2
36,k_36,1,v_20,v_8
37,k_37,1,v_16,v_7
38,k_38,1,v_16,v_19
39,k_39,1,v_9,v_11
40,k_40,1,v_5,v_2
41,k_41,1,v_18,v_8
42,k_42,1,v_2,v_11
43,k_43,1,v_9,v_11
44,k_44,1,v_15,v_12
45,k_45,1,v_7,v_19
46,k_46,1,v_15,v_2
47,k_47,1,v_3,v_11
48,k_48,1,v_16,v_5
49,k_49,1,v_5,v_6
50,k_50,1,v_5,v_1
51,k_51,1,v_13,v_19
52,k_52,1,v_18,v_1
53,k_53,1,v_2,v_10
54,k_54,1,v_14,v_19
55,k_55,1,v_18,v_8
56,k_56,1,v_18,v_8
57,k_57,1,v_16,v_7
58,k_58,1,v_8,v_1
59,k_59,1,v_13,v_20
60,k_60,1,v_3,v_6
61,k_61,1,v_1,v_12
62,k_62,1,v_2,v_16
63,k_63,1,v_1,v_6
64,k_64,1,v_7,v_11
65,k_65,1,v_7,v_20
66,k_66,1,v_3,v_11
67,k_67,1,v_16,v_19
68,k_68,1,v_2,v_16
69,k_69,1,v_5,v_8
70,k_70,1,v_8,v_6
71,k_71,1,v_2,v_10
72,k_72,1,v_15,v_2
73,k_73,1,v_15,v_10
74,k_74,1,v_20,v_5
75,k_75,1,v_13,v_20
76,k_76,1,v_15,v_12
77,k_77,1,v_3,v_5
78,k_78,1,v_8,v_12
79,k_79,1,v_5,v_1
80,k_80,1,v_20,v_6
81,k_81,1,v_18,v_12
82,k_82,1,v_20,v_6
83,k_83,1,v_9,v_12
84,k_84,1,v_3,v_7
85,k_85,1,v_16,v_7
86,k_86,1,v_16,v_19
87,k_87,1,v_9,v_5
88,k_88,1,v_16,v_7
89,k_89,1,v_18,v_10
90,k_90,1,v_13,v_20
91,k_91,1,v_8,v_1
92,k_92,1,v_8,v_6
93,k_93,1,v_3,v_12
94,k_94,1,v_1,v_19
95,k_95,1,v_2,v_5
96,k_96,1,v_2,v_10
97,k_97,1,v_14,v_19
98,k_98,1,v_15,v_1
99,k_99,1,v_3,v_12
100,k_100,1,v_3,v_20
101,k_101,1,v_7,v_1
102,k_102,1,v_3,v_10
103,k_103,1,v_3,v_8
104,k_104,1,v_18,v_8
105,k_105,1,v_5,v_1
106,k_106,1,v_15,v_10
107,k_107,1,v_3,v_11
108,k_108,1,v_20,v_5
109,k_109,1,v_7,v_11
110,k_110,1,v_1,v_12
111,k_111,1,v_7,v_1
112,k_112,1,v_2,v_5
113,k_113,1,v_20,v_7
114,k_114,1,v_5,v_6
115,k_115,1,v_2,v_10
116,k_116,1,v_1,v_12
117,k_117,1,v_8,v_10
118,k_118,1,v_8,v_12
119,k_119,1,v_20,v_19
120,k_120,1,v_3,v_8
121,k_121,1,v_3,v_8
122,k_122,1,v_7,v_11
123,k_123,1,v_9,v_11
124,k_124,1,v_18,v_19
125,k_125,1,v_13,v_11
126,k_126,1,v_3,v_11
127,k_127,1,v_20,v_7
128,k_128,1,v_9,v_12
129,k_129,1,v_7,v_10
130,k_130,1,v_20,v_19
131,k_131,1,v_3,v_10
132,k_132,1,v_7,v_11
133,k_133,1,v_9,v_16
134,k_134,1,v_3,v_16
135,k_135,1,v_13,v_10
136,k_136,1,v_1,v_19
137,k_137,1,v_15,v_19
138,k_138,1,v_1,v_12
139,k_139,1,v_18,v_1
140,k_140,1,v_20,v_5
141,k_141,1,v_18,v_10
142,k_142,1,v_9,v_12
143,k_143,1,v_20,v_5
144,k_144,1,v_2,v_6
145,k_145,1,v_18,v_8
146,k_146,1,v_15,v_12
147,k_147,1,v_8,v_6
148,k_148,1,v_15,v_12
149,k_149,1,v_13,v_20
150,k_150,1,v_13,v_10
151,k_151,1,v_15,v_10
152,k_152,1,v_20,v_8
153,k_153,1,v_1,v_11
154,k_154,1,v_2,v_6
155,k_155,1,v_2,v_10
156,k_156,1,v_16,v_7
157,k_157,1,v_7,v_6
158,k_158,1,v_13,v_10
159,k_159,1,v_8,v_12
160,k_160,1,v_15,v_12
161,k_161,1,v_13,v_19
162,k_162,1,v_18,v_2
163,k_163,1,v_3,v_6
164,k_164,1,v_13,v_20
165,k_165,1,v_5,v_10
166,k_166,1,v_7,v_11
167,k_167,1,v_7,v_1
168,k_168,1,v_2,v_11
169,k_169,1,v_3,v_7
170,k_170,1,v_8,v_10
171,k_171,1,v_9,v_5
172,k_172,1,v_3,v_20
173,k_173,1,v_13,v_20
174,k_174,1,v_3,v_20
175,k_175,1,v_8,v_6
176,k_176,1,v_3,v_10
177,k_177,1,v_14,v_19
178,k_178,1,v_13,v_12
179,k_179,1,v_13,v_19
180,k_180,1,v_9,v_10
181,k_181,1,v_9,v_10
182,k_182,1,v_13,v_10
183,k_183,1,v_1,v_6
184,k_184,1,v_20,v_7
185,k_185,1,v_13,v_11
186,k_186,1,v_7,v_11
187,k_187,1,v_3,v_7
188,k_188,1,v_2,v_11
189,k_189,1,v_16,v_7
190,k_190,1,v_18,v_19
191,k_191,1,v_18,v_19
192,k_192,1,v_2,v_5
193,k_193,1,v_15,v_10
194,k_194,1,v_5,v_10
195,k_195,1,v_18,v_19
196,k_196,1,v_1,v_19
197,k_197,1,v_5,v_2
198,k_198,1,v_13,v_16
199,k_199,1,v_3,v_8
200,k_200,1,v_13,v_20
201,k_201,1,v_7,v_1
202,k_202,1,v_7,v_1
203,k_203,1,v_3,v_11
204,k_204,1,v_18,v_19
205,k_205,1,v_15,v_10
206,k_206,1,v_1,v_12
207,k_207,1,v_5,v_1
208,k_208,1,v_8,v_12
209,k_209,1,v_13,v_10
210,k_210,1,v_13,v_19
211,k_211,1,v_7,v_20
212,k_212,1,v_18,v_8
213,k_213,1,v_2,v_6
214,k_214,1,v_7,v_6
215,k_215,1,v_7,v_19
216,k_216,1,v_18,v_8
217,k_217,1,v_8,v_1
218,k_218,1,v_13,v_12
219,k_219,1,v_5,v_6
220,k_220,1,v_18,v_19
221,k_221,1,v_3,v_6
222,k_222,1,v_18,v_10
223,k_223,1,v_8,v_6
224,k_224,1,v_2,v_6
225,k_225,1,v_3,v_5
226,k_226,1,v_13,v_2
227,k_227,1,v_18,v_1
228,k_228,1,v_1,v_12
229,k_229,1,v_14,v_19
230,k_230,1,v_7,v_20
231,k_231,1,v_16,v_1
232,k_232,1,v_3,v_8
233,k_233,1,v_8,v_2
234,k_234,1,v_1,v_12
235,k_235,1,v_5,v_2
236,k_236,1,v_14,v_19
237,k_237,1,v_7,v_6
238,k_238,1,v_13,v_2
239,k_239,1,v_8,v_10
240,k_240,1,v_2,v_11
241,k_241,1,v_8,v_12
242,k_242,1,v_15,v_10
243,k_243,1,v_3,v_8
244,k_244,1,v_1,v_11
245,k_245,1,v_16,v_5
246,k_246,1,v_3,v_7
247,k_247,1,v_13,v_19
248,k_248,1,v_14,v_19
249,k_249,1,v_3,v_12
250,k_250,1,v_16,v_12
251,k_251,1,v_14,v_19
252,k_252,1,v_2,v_6
253,k_253,1,v_7,v_19
254,k_254,1,v_8,v_12
255,k_255,1,v_5,v_10
256,k_256,1,v_7,v_11
257,k_257,1,v_3,v_5
258,k_258,1,v_9,v_11
259,k_259,1,v_18,v_2
260,k_260,1,v_9,v_10
261,k_261,1,v_13,v_10
262,k_262,1,v_7,v_1
263,k_263,1,v_7,v_2
264,k_264,1,v_20,v_5
265,k_265,1,v_8,v_1
266,k_266,1,v_8,v_6
267,k_267,1,v_9,v_12
268,k_268,1,v_20,v_5
269,k_269,1,v_2,v_5
270,k_270,1,v_20,v_19
271,k_271,1,v_2,v_10
272,k_272,1,v_2,v_16
273,k_273,1,v_18,v_10
274,k_274,1,v_16,v_8
275,k_275,1,v_7,v_10
276,k_276,1,v_9,v_16
277,k_277,1,v_3,v_10
278,k_278,1,v_5,v_8
279,k_279,1,v_3,v_20
280,k_280,1,v_1,v_6
281,k_281,1,v_13,v_12
282,k_282,1,v_2,v_6
283,k_283,1,v_18,v_12
284,k_284,1,v_15,v_2
285,k_285,1,v_1,v_11
286,k_286,1,v_7,v_20
287,k_287,1,v_3,v_20
288,k_288,1,v_5,v_1
289,k_289,1,v_2,v_5
290,k_290,1,v_7,v_20
291,k_291,1,v_9,v_12
292,k_292,1,v_16,v_1
293,k_293,1,v_13,v_19
294,k_294,1,v_9,v_5
295,k_295,1,v_20,v_7
296,k_296,1,v_1,v_11
297,k_297,1,v_9,v_20
298,k_298,1,v_7,v_19
299,k_299,1,v_7,v_19
